Nome,CPF,Senha,Número da Conta
Bruno Martins,54712784077,f~)5ct+v,805243
Larissa Costa,07697653284,nP`XhNdh,585580
Lucas Gomes,71674266527,W2|A]Dd=,344467
Felipe Gomes,24160664846,$mY-SFkH,760897
Carlos Costa,56594542029,VGwMi}Kt,644171
Carlos Souza,95391249347,tjT<_uDN,923430
Larissa Martins,33772221198,B(Kb-l%f,657407
Rafael Alves,26369311265,9a/yF:D_,355670
Carla Gomes,04504403672,"""~3N7?nr",759020
Fernanda Alves,34844558666,GZQPM!.f,794055
Carla Gomes,58431078813,38.nMSDa,767775
Bruno Gomes,12753889178,9ku>3l7),893627
Mariana Fernandes,25526897324,C{bpmhkb,511720
Fernanda Rocha,66077490083,%d?Ne|Sr,981033
Camila Souza,49498628541,LJ~`54Oz,701724
Rafael Fernandes,58798470564,-Nh|h$?w,258641
Felipe Martins,58841490440,ES'}6R]$,532086
Beatriz Rocha,43547393224,GwcuL;7),218615
Gabriel Rocha,14240773217,Ix.ee%K1,644176
Carlos Fernandes,96465891157,"3TgqLc""|",414046
Larissa Silva,48645198350,"""P_mXYvt",883384
Ana Souza,14767684850,ale1+iId,205243
Mariana Fernandes,55369078460,AT[j2}VO,446326
Eduardo Souza,77287341740,/@S.!mq.,185922
Pedro Costa,38093965939,"v&"".Dso`",764165
Bruno Fernandes,89070022642,\1\x]Si3,393125
Juliana Fernandes,30270253468,+(9vr;-},778137
Thiago Alves,63404013755,OdWr'+3>,899690
Pedro Fernandes,81376425299,HkR;'A&O,197432
Larissa Lima,67496507716,"c^""p@Efg",429523
Patrícia Gomes,66419618348,"=j8&7No,",965321
Larissa Lima,78331211167,Zt*I|f68,307356
Aline Lima,41021657265,AmldR-UY,884575
Larissa Costa,88883329259,jHN3eMTk,985416
João Silva,42941336358,'ep>5gKj,848407
Patrícia Souza,54169709686,V3&-q$sL,407002
Aline Gomes,35971984000,7(#p-|J@,381736
Thiago Souza,87351308108,{^2a_?):,379517
Fernanda Costa,72596987205,$qF`2I6t,502249
Aline Lima,27000119641,2TXp`zNe,887840
Patrícia Gomes,44312423491,+09<T1{t,413472
Rafael Alves,82020515601,"3IG""(So&",305653
Bruno Lima,40361539291,"c}B,,`}6",291978
Bruno Fernandes,40184444620,"""Lm!NRcv",715885
Juliana Souza,08176471554,^[l67ZdM,859930
Eduardo Rocha,59003816997,q`l\`2-x,647001
Pedro Costa,96911402750,we-`IRQK,729165
Carla Costa,79414319950,evU>G=Nw,546049
João Rocha,25422616454,Lnv<r8)j,162015
Ana Silva,94321707644,fljstLS?,534549
Patrícia Pereira,32472892592,/@*@2^G!,971888
Eduardo Rocha,10353313834,sShSFYZu,827499
Mariana Costa,34532768428,v|/PW5lP,174948
Fernanda Martins,81517563994,(7g'J1sV,687935
Carla Souza,84285894334,w8_CoxpC,513106
Felipe Silva,52600448176,U!4!&yKS,116817
Carla Gomes,23366861721,*d*G>dq(,211005
Felipe Pereira,38292833556,|/EZ+M~4,242542
Ana Silva,09469211411,"R@$7Qb%""",755549
Carlos Pereira,10494941303,k<>Kyuu?,403908
Juliana Rocha,83869494482,~6f*+tV7,675821
Beatriz Alves,45785405650,KZ~c.u!W,451839
Pedro Gomes,03228010481,=/M2|n)U,661981
Thiago Alves,68220460950,!ErWno@_,902761
Gabriel Alves,53870273932,1PIFWW^q,210123
Aline Souza,56252216607,0?Bp_kN?,610748
Aline Rocha,08624836445,GA*>TZ7;,647747
Larissa Gomes,98887697285,"ej(N,""X^",882921
Beatriz Rocha,56203148346,}g>DE/cl,853942
Juliana Gomes,44919284402,"+72,z~O|",470319
Juliana Gomes,67248373653,"YUOT,9a5",359346
Carlos Gomes,71285592334,zrQ+cSIE,549752
Ana Martins,35671435359,/!V]q8$E,787066
Rafael Gomes,74283447119,[[-<.Nzh,377110
Lucas Gomes,04987861902,IN&0d;j?,957372
Bruno Souza,34032968891,"J:o]Dd/,",285615
Carla Rocha,65526760935,]Sv;oVT-,136368
Carlos Alves,08231601473,"8:g""HkdE",564905
Fernanda Silva,06788948693,%!NhE7G!,994321
Bruno Alves,81076730641,LgxtO(:q,956031
Carlos Rocha,36549134875,P>yBK$=/,816690
Ana Alves,24851686775,4@yJ-I00,719344
Thiago Pereira,00623270173,_XA*3#Vf,723297
Beatriz Costa,79595830911,@((r`Odf,362321
Ana Gomes,13116841818,mwy7d++l,317263
Fernanda Martins,37043265629,@.pQTiAe,112141
Aline Silva,70986448948,z^so^TXQ,976522
Mariana Rocha,46384665065,"`!"".8}7.",569763
Camila Rocha,54289949727,hoo+N/v<,510051
Ana Costa,55049519154,5zum@@.A,419082
Bruno Pereira,11988030090,wZBrvAcG,314107
Juliana Silva,10094577201,]R\3~%Wf,582202
Bruno Fernandes,28150965626,(ma{Wq`|,323794
Patrícia Lima,11409703285,zEHl~0|#,624344
Carlos Silva,33778339115,UQkJ(ODs,994791
Pedro Alves,43173926032,Bi\Sr:vv,708217
Fernanda Pereira,93793496598,=?@SXp4|,968126
Patrícia Souza,90831668055,4)5F%/OB,931086
Ana Costa,65709335410,^skN4u+),856878
Beatriz Martins,70863045376,}H5j8g&*,236852
